face_id,event_id,image_id,dHash
Event_LopTai__913184c7ea8d7a029f208b250f2ac075__face01,Event_LopTai,913184c7ea8d7a029f208b250f2ac075,0000011101011001111100011001010110010101110011010000011100100111
Event_LopTai__bd9207bb891034b3ccd33e8f7c0c345b__face04,Event_LopTai,bd9207bb891034b3ccd33e8f7c0c345b,0011011111110011011100011111000111110000110011001100110011100001
Event_LopTai__aeb2eafc9aa72fc8743faf084ef3402a__face01,Event_LopTai,aeb2eafc9aa72fc8743faf084ef3402a,0011011101110011111000011001010110010100100001001000010011101001
Event_LopTai__3d769dcef5f847a94a5c049fce22c602__face02,Event_LopTai,3d769dcef5f847a94a5c049fce22c602,0011001000110000011100000101001001110010011011000110110001111001
Event_LopTai__fc9f9f06531a1a26f98923402ba98e86__face01,Event_LopTai,fc9f9f06531a1a26f98923402ba98e86,0111001101100001111000011101000011010100110001001100010011100001
Event_LopTai__d212ceac6e63e15e97a4dff2fe0f00f2__face02,Event_LopTai,d212ceac6e63e15e97a4dff2fe0f00f2,0001111101110001011100010001001111010100010011010000011100101000
Event_LopTai__ba1c6299a14ce4593fadd54672c29035__face02,Event_LopTai,ba1c6299a14ce4593fadd54672c29035,0011001111100001111000011101010011010100110101001100010011100001
Event_LopTai__580a34179f547f2ef5589566a36766b1__face03,Event_LopTai,580a34179f547f2ef5589566a36766b1,0011001101110001011100010111010011110100110101001101010001111000
Event_LopTai__580a34179f547f2ef5589566a36766b1__face11,Event_LopTai,580a34179f547f2ef5589566a36766b1,1011011101110011111100001111011011010110110111001101110001111000
Event_LopTai__00d6900ff04e6f83e8a5c21a22b912b0__face04,Event_LopTai,00d6900ff04e6f83e8a5c21a22b912b0,0111011011110010111100011111010111010100110111001101110011111001
Event_LopTai__00d6900ff04e6f83e8a5c21a22b912b0__face16,Event_LopTai,00d6900ff04e6f83e8a5c21a22b912b0,0011011001110011111100011011010110110101110001001100110111100001
Event_LopTai__cef09c0f5d49774af0818d221b169ae4__face21,Event_LopTai,cef09c0f5d49774af0818d221b169ae4,1000111011110000110000001101000010110010100011001100110011001000
Event_LopTai__82de8b73911547950b238f68c88d9e6e__face31,Event_LopTai,82de8b73911547950b238f68c88d9e6e,0110111111100011111000011011010011010110110111001100110011110001
Event_LopTai__9244ff3ab966f5cf6f9a908a77aa6f6b__face11,Event_LopTai,9244ff3ab966f5cf6f9a908a77aa6f6b,0110111111100011111000011011010011010110110111001100110011110001
Event_LopTai__9244ff3ab966f5cf6f9a908a77aa6f6b__face43,Event_LopTai,9244ff3ab966f5cf6f9a908a77aa6f6b,1111101011111010111101001011010010010100100101001001110011111000
Event_LopTai__6390101f2ec2820502163e75141b9ca7__face02,Event_LopTai,6390101f2ec2820502163e75141b9ca7,1011001111110000110100101101011011010100110011001100110011101000
Event_LopTai__c0f4651af32a5f131d5fc9d93873c3a0__face44,Event_LopTai,c0f4651af32a5f131d5fc9d93873c3a0,1011011001100011111100111111000011010100110111001101110001100001
Event_LopTai__983483e82c89e8a0ce955ae4fb8655b1__face06,Event_LopTai,983483e82c89e8a0ce955ae4fb8655b1,1110010011110010111110001011010010110100110101001101110011111000
Event_LopTai__983483e82c89e8a0ce955ae4fb8655b1__face26,Event_LopTai,983483e82c89e8a0ce955ae4fb8655b1,1111010011110000111100001111010010011100110101001101110011111001
Event_LopTai__983483e82c89e8a0ce955ae4fb8655b1__face38,Event_LopTai,983483e82c89e8a0ce955ae4fb8655b1,0111011011110000111110011111000111010001010100100001011010000101
Event_LopTai__bd51805aed6ad5826f3a835708046f51__face08,Event_LopTai,bd51805aed6ad5826f3a835708046f51,0001101100110001011100010111010001110100110101000101010001111001
Event_LopTai__bd51805aed6ad5826f3a835708046f51__face23,Event_LopTai,bd51805aed6ad5826f3a835708046f51,1110010011110010111110001011010010110100110101001101010011111000
Event_LopTai__bd51805aed6ad5826f3a835708046f51__face34,Event_LopTai,bd51805aed6ad5826f3a835708046f51,1011010011110000111100001111000010001100110101001101110011111001
Event_LopTai__4b5e79c5eb73624de740690e70d9e31d__face16,Event_LopTai,4b5e79c5eb73624de740690e70d9e31d,1110010011110010111110001011010010110100110101001101010011111000
Event_LopTai__d2260df9d388d295f9cc2f679e947223__face04,Event_LopTai,d2260df9d388d295f9cc2f679e947223,0110011111100011111000011011010011010100110111000101110001111001
Event_LopTai__d2260df9d388d295f9cc2f679e947223__face33,Event_LopTai,d2260df9d388d295f9cc2f679e947223,0001011111110001110000011011000110110001101011011000011101100010
Event_LopTai__b3f92d0381509dd920d8df7811135348__face19,Event_LopTai,b3f92d0381509dd920d8df7811135348,1101000011110000111000001111000011010100110101001100110011110000
Event_LopTai__29d3120e71fa4c3d26d31a44fcffc673__face32,Event_LopTai,29d3120e71fa4c3d26d31a44fcffc673,0000000001000000110001001001001010010100100001001000010011000000
Event_LopTai__2c9d9042150014ee4021eef9f57f55b5__face08,Event_LopTai,2c9d9042150014ee4021eef9f57f55b5,1110010011110010111110001010010010110100110101001101110011111000
Event_LopTai__36ca61b597a8db0dc31240609c59dc6f__face17,Event_LopTai,36ca61b597a8db0dc31240609c59dc6f,1110010011110010111110001010010010110100110101001101110011111000
Event_LopTai__52ed059bbfb74968ae84ef1204cac2bd__face02,Event_LopTai,52ed059bbfb74968ae84ef1204cac2bd,0011000101110001011100001111000011110000110001001100010001100001
Event_LopTai__07c92387c3775ff2a8270c79604835ca__face01,Event_LopTai,07c92387c3775ff2a8270c79604835ca,0011000101110001011100001111000011110000110001001100010001100001
Event_LopTai__5aa09beecd078c1a2682d07ccf5bbbdb__face02,Event_LopTai,5aa09beecd078c1a2682d07ccf5bbbdb,0011001101100001011100011001001111010000010011010100010100101000
Event_LopTai__d7fa1eb8f2edc98822448dcd12921d9f__face03,Event_LopTai,d7fa1eb8f2edc98822448dcd12921d9f,1001101000111000011100000101001011010100110011000100110011101000
Event_LopTai__5361f6524f837d66888f838a0b0b1c4b__face02,Event_LopTai,5361f6524f837d66888f838a0b0b1c4b,0001100100110000011100000101011001010100010011000110110001111000
Event_LopTai__865ccc145225ef4ffcc1783354710a4b__face01,Event_LopTai,865ccc145225ef4ffcc1783354710a4b,1001100100111000011100000101000001010100011011000111010001111000
Event_LopTai__8b731717c3ab3123d5640ab2177b3014__face03,Event_LopTai,8b731717c3ab3123d5640ab2177b3014,1110011111100011110000011001010110010101100001011001010111100011
Event_LopTai__9c3f1edd3be154de1cb164746931a174__face03,Event_LopTai,9c3f1edd3be154de1cb164746931a174,0001001101110001011100011101010011010000110010001100110001100001
Event_LopTai__3795aee1140952c7f633b85c46644ecb__face03,Event_LopTai,3795aee1140952c7f633b85c46644ecb,0001101111111001111100011111000011110000111011001100110001100001
Event_LopTai__302498890573ec70bfd88cac10446d24__face03,Event_LopTai,302498890573ec70bfd88cac10446d24,0101101101110001011100010111010101110101011011010111010101100001
Event_LopTai__b3ce6691560da2c2c29727d3df0e7d35__face03,Event_LopTai,b3ce6691560da2c2c29727d3df0e7d35,0101101101110001011100010111010101110101011011010111010101100001
Event_LopTai__ff7de1fb6bd709416101dc20ede00924__face01,Event_LopTai,ff7de1fb6bd709416101dc20ede00924,0011001101110001011100011111000011010000110011001101010011101000
Event_LopTai__2b44a9bb971995585d2f4a60292300d4__face02,Event_LopTai,2b44a9bb971995585d2f4a60292300d4,0001100100111000001100000111001001110100011011000111011000111000
Event_LopTai__306467a89d9f28be0e79a530477f34a8__face01,Event_LopTai,306467a89d9f28be0e79a530477f34a8,0110011011001011110010011001000110010100100001001000010111100001
Event_LopTai__4a2b3b9d06a5fa7e3eb40eccff5bb9cc__face03,Event_LopTai,4a2b3b9d06a5fa7e3eb40eccff5bb9cc,0110001111100011111100011001010111010101110001011100010111100001
Event_LopTai__df40ac44b425dfe16080d1e774d8615f__face01,Event_LopTai,df40ac44b425dfe16080d1e774d8615f,0110001111100011111100011001010111010101110001011100010111100001
Event_LopTai__811508092bc660a179cb2657a6ec364f__face01,Event_LopTai,811508092bc660a179cb2657a6ec364f,0001100000111000001111000001011001010110010111110001011110111001
Event_LopTai__54550848edd62112861c9f4a8b2610a7__face04,Event_LopTai,54550848edd62112861c9f4a8b2610a7,0011101101100011011100110111001111110000110010001100110001100001
Event_LopTai__6a6347d970b762cd9371fc323b44fe54__face04,Event_LopTai,6a6347d970b762cd9371fc323b44fe54,0011101101100011011100110111001111110000110010001100110001100001
Event_LopTai__b12c750100a0cf32982e1fe1d306580f__face03,Event_LopTai,b12c750100a0cf32982e1fe1d306580f,0011101101100011011100110111001111110001110010001100110001100001
Event_LopTai__c1f898fd171422a23a8d7a541bbcfd47__face02,Event_LopTai,c1f898fd171422a23a8d7a541bbcfd47,0111001101110001111100001001010010010100100001001000110011100001
Event_LopTai__9b4a6afdfcdb09327f39e823c7d297fe__face01,Event_LopTai,9b4a6afdfcdb09327f39e823c7d297fe,0011100100110000011100000101001001010110010011000110110001110000
Event_LopTai__9256d0efc65de7a848f6304a87580970__face02,Event_LopTai,9256d0efc65de7a848f6304a87580970,0011100100111001111110011111010011110100110001001100010011101000
Event_LopTai__29f27ed7d44b1627e5753742e283591e__face01,Event_LopTai,29f27ed7d44b1627e5753742e283591e,0001101101100011111000111101011011010110010011100100111000101010
Event_LopTai__0a84ed2f7c0058a277daa5ac0aba7b03__face02,Event_LopTai,0a84ed2f7c0058a277daa5ac0aba7b03,0011001101110001111100011111010011010100110011001101110011111001
Event_LopTai__5580f00d355e6d6dae93778d235ae7db__face01,Event_LopTai,5580f00d355e6d6dae93778d235ae7db,0011010000110010011100110111000101110000011010000110110000111000
Event_LopTai__6b06e6f8ab7f7cabce61be056aa3e366__face01,Event_LopTai,6b06e6f8ab7f7cabce61be056aa3e366,0011011001100011111100111011000111010000100000001000100111000001
Event_LopTai__7c8304db14ef8e43dfe2bf876408941b__face01,Event_LopTai,7c8304db14ef8e43dfe2bf876408941b,1111000111110001111100011011000111010100110011011100100111110001
Event_LopTai__8c28cee3fcd7010b4a4b1f07931f40e5__face01,Event_LopTai,8c28cee3fcd7010b4a4b1f07931f40e5,1011100001111000111100001111001011111000110011001100110001110001
Event_LopTai__2c47fe7a6f9b541a916365ae51d60062__face01,Event_LopTai,2c47fe7a6f9b541a916365ae51d60062,1100110011111000111110001001011011010100110010001111110010010100
Event_LopTai__5bc30b7d084ea6b4d5e7f7e0b4f4f652__face05,Event_LopTai,5bc30b7d084ea6b4d5e7f7e0b4f4f652,1100111011110110111101101100101111110110111011011110110011101001
Event_LopTai__0ebd1a98044c6be38f5f36c36d95cee6__face01,Event_LopTai,0ebd1a98044c6be38f5f36c36d95cee6,0100101101000001110000011001011111010100100001111100011111100011
Event_LopTai__b21b1e8813eb1c654eee73ace2059d75__face04,Event_LopTai,b21b1e8813eb1c654eee73ace2059d75,0011001101110001011100010111000111010000110001001100010001100001
Event_LopTai__f617d7d3c4d4f64886921c6529d4db87__face06,Event_LopTai,f617d7d3c4d4f64886921c6529d4db87,0110001100100001011000000101011001110000010011000100110001101000
Event_LopTai__d77eda895b484cad9eb39b5da9871564__face02,Event_LopTai,d77eda895b484cad9eb39b5da9871564,1111000011111000101101000011011000111100000011001100110011001000
Event_LopTai__a9e5913f193d9639eb46e9b96f37affb__face01,Event_LopTai,a9e5913f193d9639eb46e9b96f37affb,0011000100110000001100000111001001110000011011000110110000111000
Event_LopTai__22248c47f979594a87d7826fcf7e9281__face02,Event_LopTai,22248c47f979594a87d7826fcf7e9281,1001001001110001011000011101000011010000110001001100010001101001
Event_LopTai__1f95ef7975e49caf33b76914a295dc43__face02,Event_LopTai,1f95ef7975e49caf33b76914a295dc43,1001000110110000111000001111001001110000011001000110010000111000
Event_LopTai__cb347aa535fb283d081d0e88063b9436__face02,Event_LopTai,cb347aa535fb283d081d0e88063b9436,0010011011100011110000011001000110010000100001001000010011100000
Event_LopTai__9f99f60ec07e9d169b71cebcd3bf82ea__face06,Event_LopTai,9f99f60ec07e9d169b71cebcd3bf82ea,1111000111100000010100101101001011010110111011001110011011100001
Event_LopTai__7148fc6e64ec4c7e5c56f3b888cb89dd__face03,Event_LopTai,7148fc6e64ec4c7e5c56f3b888cb89dd,0011001101110001011100011101000011010100110001001100110001100001
Event_LopTai__d51839fb1e1eedd5096d21360bd97a08__face01,Event_LopTai,d51839fb1e1eedd5096d21360bd97a08,0000011101100001110000001001001010100010110011001100010011000000
Event_LopTai__a33151fcae95b611eeec49abf5888434__face01,Event_LopTai,a33151fcae95b611eeec49abf5888434,0111000101110001011100011111000011110100110011001100110101110000
Event_LopTai__699b52160df6f2275d4c0a0ca39d8900__face06,Event_LopTai,699b52160df6f2275d4c0a0ca39d8900,0011011111110011111100111001001110010011110000111100001111100011
Event_LopTai__572eaed49af5a4feea6e4dd8a4633e17__face04,Event_LopTai,572eaed49af5a4feea6e4dd8a4633e17,0111000011101000111000001011010011001100100100001100100011100000
Event_LopTai__64540b4b545054b9dffeb41a1ceafb3d__face05,Event_LopTai,64540b4b545054b9dffeb41a1ceafb3d,0110010111000001100100001001000010010000110010001100100001100000
Event_LopTai__44154c86aa1c67b7ca8b204acbf2ff51__face03,Event_LopTai,44154c86aa1c67b7ca8b204acbf2ff51,0110111011000111100101111001011110010111100001111100011101000110
Event_LopTai__43b08022d61938c13b13d2bcca59ef1f__face01,Event_LopTai,43b08022d61938c13b13d2bcca59ef1f,1011001111010000110100001001010010010100110001001100010011000000
Event_LopTai__75e39aae9743ecbecc7dda2aa9115ec2__face01,Event_LopTai,75e39aae9743ecbecc7dda2aa9115ec2,0111001111100011110000011001010110010100100101001000110011101001
Event_LopTai__a0ea77690e6c872666cbc08376e52bec__face01,Event_LopTai,a0ea77690e6c872666cbc08376e52bec,0111000011110000111100001011000011001000110101001100110011110001
Event_LopTai__6637add257db13c8173a6e4c59fcc607__face06,Event_LopTai,6637add257db13c8173a6e4c59fcc607,1111000011110000111100001111010011110100110010001100110001111000
Event_LopTai__b178397c3d08fb2c28cd321f7d4586f0__face04,Event_LopTai,b178397c3d08fb2c28cd321f7d4586f0,0100000111110000110111001011011010010110110101001100110001111001
Event_LopToan__76d631a648595ccf9981be36cc1be33f__face03,Event_LopToan,76d631a648595ccf9981be36cc1be33f,0011101101110001011100011111010111010101110101010100110101110001
Event_LopToan__9f3ba2ecb8ba7e474629a8a00d89a6cb__face01,Event_LopToan,9f3ba2ecb8ba7e474629a8a00d89a6cb,0111001101110001111100011111000111001000110101001111000011110000
Event_LopToan__06a8979133b16b35bf20b5fe87f2d861__face01,Event_LopToan,06a8979133b16b35bf20b5fe87f2d861,0000111101100011010000011111010011010100110111001101110001111000
Event_LopToan__5868cfe86f08f8fc71c9816bba7d6457__face01,Event_LopToan,5868cfe86f08f8fc71c9816bba7d6457,0010011101100010011000000111000001010100010101000101010010111000
Event_PSH__7b6a00fb0520703dfe65f88dc8930ddd__face01,Event_PSH,7b6a00fb0520703dfe65f88dc8930ddd,0011011101110001011100010101000001010100111110001100100010111000
Event_PSH__0b1d7f52b942de448fd9caf3b2c0b403__face12,Event_PSH,0b1d7f52b942de448fd9caf3b2c0b403,0000101101110001111100001011011010110100110011001101110001101000
Event_PSH__0b1d7f52b942de448fd9caf3b2c0b403__face13,Event_PSH,0b1d7f52b942de448fd9caf3b2c0b403,1111000001111111011000011111010011011100110011001101010011111001
Event_PSH__1d81f675a131831e0ef1ea146a0d7931__face02,Event_PSH,1d81f675a131831e0ef1ea146a0d7931,0111001101111011000111110011011110110110110111101101010011101001
Event_PSH__e51220887952a1d8e19509db27583ae9__face02,Event_PSH,e51220887952a1d8e19509db27583ae9,0111001111110011101100111011000111110001111000001100000011100000
Event_PSH__d616457217f5ec3661b357a330cf773c__face01,Event_PSH,d616457217f5ec3661b357a330cf773c,1000110110001111100111011001010110001101110101011100110111101000
Event_PSH__45687b898bb587bc39bf1faf3f9cb712__face01,Event_PSH,45687b898bb587bc39bf1faf3f9cb712,1100111000011011011010001101000011101000110010000100100011100000
Event_PSH__45687b898bb587bc39bf1faf3f9cb712__face02,Event_PSH,45687b898bb587bc39bf1faf3f9cb712,0011000000000011101111101000111110100111110110011000111111000111
Event_PSH__45687b898bb587bc39bf1faf3f9cb712__face03,Event_PSH,45687b898bb587bc39bf1faf3f9cb712,0001101111000001011111000111011101110101011100010101000110111001
Event_PSH__c6407c6c5f5b36f109efaa59e0bde6db__face01,Event_PSH,c6407c6c5f5b36f109efaa59e0bde6db,0010100100111111001111110001011110000110100101100000011101101011
Event_PSH__c6407c6c5f5b36f109efaa59e0bde6db__face02,Event_PSH,c6407c6c5f5b36f109efaa59e0bde6db,0111111000111011011100011111000011101000110010000100100001100000
Event_PSH__c6407c6c5f5b36f109efaa59e0bde6db__face03,Event_PSH,c6407c6c5f5b36f109efaa59e0bde6db,0001101100111011000100111111000101110001011100010111001100110010
Event_PSH__e7e9034939dc6fa6238b9d296d1b73d6__face03,Event_PSH,e7e9034939dc6fa6238b9d296d1b73d6,1000101010111000111100001001000010000101100001001100010011001000
Event_PSH__1b69d9abeda678a275a7fe7d5096f9ed__face03,Event_PSH,1b69d9abeda678a275a7fe7d5096f9ed,1000101010111000111100001001000010000101100001001100010011001000
Event_PSH__7fbba4a1f2d89d2c6eda3ab89060002f__face01,Event_PSH,7fbba4a1f2d89d2c6eda3ab89060002f,0000011101011001111110001111001011111010110110101101111011111100
Event_PSH__4d6b780b359b82b28970ac369219c467__face01,Event_PSH,4d6b780b359b82b28970ac369219c467,0000111111111000111100001101010011110000111010000110100111100001
Event_PSH__d28b6130981da62b17250dd0a2a4c54e__face01,Event_PSH,d28b6130981da62b17250dd0a2a4c54e,1001110001110000111100000001011100010011110011010000010100101011
Event_PSH__13946230963b9e5ef0b305a9427f1c72__face01,Event_PSH,13946230963b9e5ef0b305a9427f1c72,0000001101111000011010011101010011010100110101000111000001100000
Event_PSH__ad967c028072d03a84471505d75ea78b__face01,Event_PSH,ad967c028072d03a84471505d75ea78b,0100110000011011011110010111010000010110100111101001010010011000
Event_SV__5f280cf462617af1666fcb04eca6a132__face01,Event_SV,5f280cf462617af1666fcb04eca6a132,0010101100100001000001111111000111000000110001001101010101100011
Event_SV__5903f77b784f234d15535a61f4271278__face02,Event_SV,5903f77b784f234d15535a61f4271278,0111001011100000110000001001010010010100100001001000010010100000
Event_SV__d5ba31f6c60997969576f6d357d2307a__face01,Event_SV,d5ba31f6c60997969576f6d357d2307a,1111000011100000110000001001010010010100100001001000010011100010
Event_SV__cabf70c8634e5dc14ccbd711a746b044__face08,Event_SV,cabf70c8634e5dc14ccbd711a746b044,0111000101110000111100001001000011010100010011001100010011100000
Event_SV__15624c20168152f4164988e9064ccfb1__face06,Event_SV,15624c20168152f4164988e9064ccfb1,0001001101110001011100000011011001010100010011010000110100110011
Event_SV__dd1a0dd4877ffcd38d26b4795a5a9661__face03,Event_SV,dd1a0dd4877ffcd38d26b4795a5a9661,1111000001110001111100011011010011010100110011001100010011100001
Event_SV__1f0eff6982394757008947601d9da2a3__face03,Event_SV,1f0eff6982394757008947601d9da2a3,0001001101110001011100000011011001010100010011010000110100110011
Event_SV__073235b5a13fdbc08bf3ae0e35f9c9ab__face11,Event_SV,073235b5a13fdbc08bf3ae0e35f9c9ab,0110000001100000011100000101001001010000111010001010100110010011
Event_SV__13e39607b8157757cd1a2cfbe089e0e3__face08,Event_SV,13e39607b8157757cd1a2cfbe089e0e3,0001001101110001011100000011011001010100010011010000110100100011
Event_SV__111dc89ee356c71a4f0caa047dc50f31__face07,Event_SV,111dc89ee356c71a4f0caa047dc50f31,0000111100010011011100011111000101000101110011001101010111100001
Event_SV__07e3dd4aa6b3d268931960ef710afe02__face12,Event_SV,07e3dd4aa6b3d268931960ef710afe02,1100100000011100011101100111010011001100110011001101000001110000
Event_SV__aba988c0b56083385c8037a6afa42d9f__face03,Event_SV,aba988c0b56083385c8037a6afa42d9f,0111110000110011011100010101010001010100010110001101110011111000
Event_SV__514120b035fbfbb2cbe3e682643fcb6a__face08,Event_SV,514120b035fbfbb2cbe3e682643fcb6a,0111001111100011111000011101001111010001111000011010000111100001
Event_SV__67d383b7f1de13889295c3ee279cfe02__face04,Event_SV,67d383b7f1de13889295c3ee279cfe02,0110001111000001111000011011011110010101011000110100001000100110
Event_SV__bd469e5021ae79e4774feb6d4669bb2e__face09,Event_SV,bd469e5021ae79e4774feb6d4669bb2e,1100010011001000100111101011001010010000110010001101010011100000
Event_SV__bd469e5021ae79e4774feb6d4669bb2e__face13,Event_SV,bd469e5021ae79e4774feb6d4669bb2e,0111001111100001111100011101000111010001111000011100010111100001
Event_SV__accc1c36b0906f498fa695f13abdbdfd__face11,Event_SV,accc1c36b0906f498fa695f13abdbdfd,0110001101100011001100111111000111000100110001001101010111100000
Event_SV__956548b38d6869bc2e8df73704fcc784__face11,Event_SV,956548b38d6869bc2e8df73704fcc784,0110010001111000011100000011001011010100110111010111000101101000
Event_SV__ef59b36d42315def899550b761981705__face04,Event_SV,ef59b36d42315def899550b761981705,0011010001011000111110001011010011110100110001000101010001110000
Event_SV__ef59b36d42315def899550b761981705__face15,Event_SV,ef59b36d42315def899550b761981705,0111110000110011011100010111010011001000110110001101010011101000
Event_SV__1ef36eed722640e8c864439d39c81a85__face03,Event_SV,1ef36eed722640e8c864439d39c81a85,1011001101111001111101001111011011010100110111000101110001111001
Event_SV__71cff863253dc06ad5d9134a0e24e009__face02,Event_SV,71cff863253dc06ad5d9134a0e24e009,1110110001111000101110000111110001010010110110101101111001111000
Event_SV__c9d93df118373706abe662bc4ded3987__face03,Event_SV,c9d93df118373706abe662bc4ded3987,1111000011110000111001001110000010110110110011001100010011110000
Event_SV__c6dfb8da24008571ecff20a530569da0__face01,Event_SV,c6dfb8da24008571ecff20a530569da0,0100101101110001011100010111000101001101010011010101010100100011
Event_SV__224ed33d507fa3c0c1afbea3ad237224__face02,Event_SV,224ed33d507fa3c0c1afbea3ad237224,1011011100110011011110010111001001010010010111000111110010111000
Event_SV__4f782074b4b3ee99b4239d314de0f66c__face02,Event_SV,4f782074b4b3ee99b4239d314de0f66c,0001111100011011110100011111000011110000110111001101010011101000
Event_SV__955b8216683f1360bca4a373aabb9684__face03,Event_SV,955b8216683f1360bca4a373aabb9684,1101111010010111001101010111011001110100010100100101111010111100
Event_SV__26f898bc70e1713630fe97786c1871f1__face02,Event_SV,26f898bc70e1713630fe97786c1871f1,0010011100010011011100111101001110010001000001010001011100100011
Event_SV__166b6496d13b9c0fdd2a27bca7e43837__face01,Event_SV,166b6496d13b9c0fdd2a27bca7e43837,1100110011100000100111001011011011010110110001011101010101100010
Event_SV__7029d30bd254573942d5d6a1fab1cfe7__face01,Event_SV,7029d30bd254573942d5d6a1fab1cfe7,1100010011100000100111001011011011010110110001001101010001101000
Event_SV__1d50393cde4687d0c5c63c45ec202386__face01,Event_SV,1d50393cde4687d0c5c63c45ec202386,0110111011111100111111101101111011011110110011101100111011101111
Event_SV__18bfbec0052c8d789beb865113c52496__face01,Event_SV,18bfbec0052c8d789beb865113c52496,0111111011111110111111101101111011011110110011101100111011101111
Event_SV__2ef993d38162ca1f0e1983d5dde10026__face05,Event_SV,2ef993d38162ca1f0e1983d5dde10026,0000111100110111100000011011010010011100000110001001110010011001
Event_SV__083926fae3835d4b016d2caa38d499e1__face03,Event_SV,083926fae3835d4b016d2caa38d499e1,0000000000100000011000000101000001000000010010000000010000000000
Event_SV__7e8e1a54b0fff2d1fd583524da8b0e4e__face03,Event_SV,7e8e1a54b0fff2d1fd583524da8b0e4e,0111010001110000011100000011011001010100010111000001110000010010
Event_SV__27c0e829882601a2ada150313644f8d5__face02,Event_SV,27c0e829882601a2ada150313644f8d5,0011011101100111110001101001011010010110100011101100111011001110
Event_SV__3b5aa84a576b5fefe352d820b9fbea8a__face08,Event_SV,3b5aa84a576b5fefe352d820b9fbea8a,0000111100011110101101101001011000010110100101100001011000111000
Event_SV__3b5aa84a576b5fefe352d820b9fbea8a__face10,Event_SV,3b5aa84a576b5fefe352d820b9fbea8a,0000110110011101111111001111011011010100010011110101011101101101
Event_SV__4dfd0b78118eeac86431488e41734fa0__face04,Event_SV,4dfd0b78118eeac86431488e41734fa0,0001011100110000001100010111000011010100110011001100110001101000
Event_SV__8a38c1757942fd879ab9b691a3edb45e__face06,Event_SV,8a38c1757942fd879ab9b691a3edb45e,1000010110000011101000111010001010010100010111000101100101110001
Event_Trai__782e25ff70e8804d29b171d5413f0567__face01,Event_Trai,782e25ff70e8804d29b171d5413f0567,0011001101100001010000011101000011010100110001000100010001100001
Event_Trai__248ad65f147456d27db8b4725a698dfe__face05,Event_Trai,248ad65f147456d27db8b4725a698dfe,0111100111111001110100011001010011001001111010011101000110111001
Event_Kyyeu__199c4e6bb11c88b56197da1f6594330d__face01,Event_Kyyeu,199c4e6bb11c88b56197da1f6594330d,0110011101101011011100101001011010010110110011101100111010101100
Event_Kyyeu__1971b00b96732c2521c5f76c3d1febb1__face01,Event_Kyyeu,1971b00b96732c2521c5f76c3d1febb1,0011000101100000011100000111000011010000110001001100110001110000
Event_Kyyeu__3ef2cc1b3e9e94bf186fcaa2a86bb6c0__face01,Event_Kyyeu,3ef2cc1b3e9e94bf186fcaa2a86bb6c0,1001000110100000011100000101001001010010010011000100110000110000
Event_Kyyeu__9bcce53e155fde50c9ad9da0cba913be__face01,Event_Kyyeu,9bcce53e155fde50c9ad9da0cba913be,1001000110100000011100000101001001010010010011000100110000110000
Event_Kyyeu__1d0489ca59b2a1826700078aa0ac8c9c__face01,Event_Kyyeu,1d0489ca59b2a1826700078aa0ac8c9c,1001000110100000011100000101001001010000010011000100110000110000
Event_Kyyeu__1a99f028ace5c7cdeaca8e12c8b7d1b3__face01,Event_Kyyeu,1a99f028ace5c7cdeaca8e12c8b7d1b3,0011010111100001101100011001010110000100100011001000010000100001
Event_Kyyeu__0263a7aa146fd2c9f7a6005ff5936172__face02,Event_Kyyeu,0263a7aa146fd2c9f7a6005ff5936172,0010001100000001011100010111000011000100100001011100011111000011
Event_Kyyeu__953ce595aec25fd7065a3232c490b7e9__face01,Event_Kyyeu,953ce595aec25fd7065a3232c490b7e9,0111011001110001011100001111011011011010111011100101111010111000
Event_Kyyeu__11173db68f070b878bd3452c1045674e__face02,Event_Kyyeu,11173db68f070b878bd3452c1045674e,0001000100110010011100000101000001010000010011000100110001100000
Event_Kyyeu__fdaa73931442fbf92f6d728f34b48f83__face03,Event_Kyyeu,fdaa73931442fbf92f6d728f34b48f83,0001000100110010011100000101000001010000010011000100110001100000
Event_Kyyeu__be268d6faf7366b4676dd4cfda2b8bf6__face07,Event_Kyyeu,be268d6faf7366b4676dd4cfda2b8bf6,0110001111110011111100001111000011110000110011001100110011111000
Event_Kyyeu__6997361bcd33fec478ecef3d46aca3c4__face03,Event_Kyyeu,6997361bcd33fec478ecef3d46aca3c4,0011001001110001011100011111010011110000110111001101110001111101
Event_Kyyeu__2f194520cfa21a4635f3a82d253920b1__face02,Event_Kyyeu,2f194520cfa21a4635f3a82d253920b1,1011100000110001011100011111010011110000110101000101110001111100
Event_Kyyeu__ef07273a5bfce3218b2a842947c0045b__face01,Event_Kyyeu,ef07273a5bfce3218b2a842947c0045b,1100000011001001110100011101000111011000110011001100010011001000
Event_Kyyeu__6a5754ab8b5dc29f6606db3ed4f6956f__face02,Event_Kyyeu,6a5754ab8b5dc29f6606db3ed4f6956f,1111000111110000111100101101001011110000111011001110010010111000
Event_Kyyeu__89279217ada31e0f28c7beffbdd75e2f__face01,Event_Kyyeu,89279217ada31e0f28c7beffbdd75e2f,0111001111100001111100011101010001010100110011001100111001100010
Event_Kyyeu__98ca48934488bb9565215b57a99be7ef__face01,Event_Kyyeu,98ca48934488bb9565215b57a99be7ef,0001000000110000001100000111001001110000011010000010110000111000
Event_Kyyeu__9003e9285f0f44f632c21fbdceafb4ff__face01,Event_Kyyeu,9003e9285f0f44f632c21fbdceafb4ff,1011001111110000111100001011010011001100110011000101010001100000
Event_Kyyeu__e7e482db7e580112faf229603cc65026__face02,Event_Kyyeu,e7e482db7e580112faf229603cc65026,1111100111111000111100001111010011111000111011001111110001111000
Event_Kyyeu__fecf81092ec3752cb8b1c4480fef4d1c__face04,Event_Kyyeu,fecf81092ec3752cb8b1c4480fef4d1c,1111100111111000111100001111010011111000111011001111110011111000
Event_Kyyeu__5389bd1010e6fbe14466305f8479e9ef__face04,Event_Kyyeu,5389bd1010e6fbe14466305f8479e9ef,1111100111111000111100001111010011111000111011001111110001111000
Event_Kyyeu__05ab1a1bc544ede1f11f1bf332b687d8__face07,Event_Kyyeu,05ab1a1bc544ede1f11f1bf332b687d8,1110011111110001111100011101010011111100111011001110110000111000
Event_Kyyeu__e1c17224292f8957611687f6c81e2686__face02,Event_Kyyeu,e1c17224292f8957611687f6c81e2686,0011101100111101011111000101011011010110110111101101010011011000
Event_Kyyeu__57b0763209532596c11cdcd2fe69a01d__face01,Event_Kyyeu,57b0763209532596c11cdcd2fe69a01d,0011001101111001011101010111011011110110110111101101110011111001
Event_Kyyeu__9f9cfec3d4db016c566b6df33b114096__face02,Event_Kyyeu,9f9cfec3d4db016c566b6df33b114096,1110011011110110111101101011011011011100110111001101100011111001
Event_Kyyeu__4bdf7c2c86a52d6c22cd31a72cea6684__face02,Event_Kyyeu,4bdf7c2c86a52d6c22cd31a72cea6684,1110011011110110111101101111010011011100110111001101100111111001
Event_Kyyeu__5bcd6363de6b016ef6b80ac6c69f48d7__face02,Event_Kyyeu,5bcd6363de6b016ef6b80ac6c69f48d7,0111001011110001111110011011000010110000110110001100110001110001
Event_Kyyeu__99fbbb468b4000aadcffac404e19dab9__face04,Event_Kyyeu,99fbbb468b4000aadcffac404e19dab9,1110000011110000111100001011000011001000110010001100100011110000
Event_Kyyeu__600f64d7da06ba13a195648945f408a8__face02,Event_Kyyeu,600f64d7da06ba13a195648945f408a8,1111101011100000111100001011000001000100110001001100000011100000
Event_Kyyeu__d63a57fb02523074cf287a5857b8c0d4__face03,Event_Kyyeu,d63a57fb02523074cf287a5857b8c0d4,0111000011110000111100001111000011000100110001001100010011100000
Event_Kyyeu__27c896ac7167ee504f36973ca982766d__face01,Event_Kyyeu,27c896ac7167ee504f36973ca982766d,1110000011110000111100001011000011001000110010001100100011110000
Event_Kyyeu__86822de02864d6219ff8e15229ce9a0a__face01,Event_Kyyeu,86822de02864d6219ff8e15229ce9a0a,1001000100110001011100000101001001000000010011000100110001100000
Event_Kyyeu__eee9cd8526a5e332b1daa4060151a9c7__face01,Event_Kyyeu,eee9cd8526a5e332b1daa4060151a9c7,0110000101000000010000101001001010010100100001011100010010000010
Event_Kyyeu__399f10b58bc362c1aae0e6d2d1b6ad32__face01,Event_Kyyeu,399f10b58bc362c1aae0e6d2d1b6ad32,0101000000110001001100001011000001100100001011000110110010100000
Event_Kyyeu__08287051f334e10a536d264b218df9bb__face01,Event_Kyyeu,08287051f334e10a536d264b218df9bb,0111001101110011110100011001001110010001100001011100000111100001
Event_Kyyeu__8a499ea2cf0ae54d9e4160a962bb851b__face01,Event_Kyyeu,8a499ea2cf0ae54d9e4160a962bb851b,1001000110110001011100000101001001010000010011000100010001100000
Event_Kyyeu__b6c910f63faa07396ecf7d5722adf7f1__face01,Event_Kyyeu,b6c910f63faa07396ecf7d5722adf7f1,1001000110110000011100000101001001010000010001000100010001100000
Event_Kyyeu__1be634fe0524ab4154f31806e1354322__face01,Event_Kyyeu,1be634fe0524ab4154f31806e1354322,1001000110110001011100000101001001010000010011000100010001100000
Event_Kyyeu__cbef3addb863e9b87b3864e73b4c8d6c__face01,Event_Kyyeu,cbef3addb863e9b87b3864e73b4c8d6c,1011001101110001011100000101001011010000110001001100010010100000
Event_Kyyeu__e863b6b3ed79f0f981a5abb8c5f22ef1__face01,Event_Kyyeu,e863b6b3ed79f0f981a5abb8c5f22ef1,0110011011100011111100011011010110010101100011011000110111101001
Event_Kyyeu__bfcae2a6de37913f2afb13111b0a358d__face01,Event_Kyyeu,bfcae2a6de37913f2afb13111b0a358d,0110011011100011111100011011010110010101100011011000110111101001
Event_Kyyeu__db41518b3dd232897a3b9663b7eb5506__face04,Event_Kyyeu,db41518b3dd232897a3b9663b7eb5506,0110011011100011111100011011010110010101100011011000110111101001
Event_Kyyeu__63b89dc5fcfe89c5a5ca4b08c1ee889c__face08,Event_Kyyeu,63b89dc5fcfe89c5a5ca4b08c1ee889c,0001110101111001011000001011011010100100101001001100010001101000
Event_Kyyeu__655566c1916dc69cb37ad26f768b4ba6__face01,Event_Kyyeu,655566c1916dc69cb37ad26f768b4ba6,0010000101100001011100001101001011000100110001000100010111100001
Event_Kyyeu__ee3bc2de8b2913c5f6f42af1370fc9b4__face02,Event_Kyyeu,ee3bc2de8b2913c5f6f42af1370fc9b4,0011000101100000011100000101001001010000010001000100010001110000
Event_Kyyeu__117475da93bbe68d4e0ed3c9b3bd13e9__face01,Event_Kyyeu,117475da93bbe68d4e0ed3c9b3bd13e9,1110110101100100011001000101010011010000111000001100000011100000
Event_Kyyeu__f1e8faa1354ecec5afd896e5ab3cadd7__face01,Event_Kyyeu,f1e8faa1354ecec5afd896e5ab3cadd7,1001001100110001001000000011000001100000011011000110110000110000
Event_Kyyeu__ec5e2d8c1528d6f7226b9eae99a3e65b__face01,Event_Kyyeu,ec5e2d8c1528d6f7226b9eae99a3e65b,0001001100110001001000000111000001100000011011000110110000110000
Event_Kyyeu__f3467ff66afc7acab5d88148acea0a82__face01,Event_Kyyeu,f3467ff66afc7acab5d88148acea0a82,0001001101100010011000000111000011100000110011000110110001110000
Event_Kyyeu__1bca86a2d05202b8f1a6a73dccdcac6c__face01,Event_Kyyeu,1bca86a2d05202b8f1a6a73dccdcac6c,0111001101100001110100011001000110010001100001011100010111100001
Event_Kyyeu__911e29671e3f2c0c18274abb502e3ef7__face01,Event_Kyyeu,911e29671e3f2c0c18274abb502e3ef7,0111001101100001110100011001000110010001100001011100010111100001
Event_Kyyeu__6153ed3c25682f40303db647390d4037__face01,Event_Kyyeu,6153ed3c25682f40303db647390d4037,0001000000100000011100000111001001100000011011000110110000110000
Event_Kyyeu__5e6802af89f9afe1037ad4e7a37c0bec__face01,Event_Kyyeu,5e6802af89f9afe1037ad4e7a37c0bec,0001100000110000001100000111001001110000011011000110110000110000
Event_Kyyeu__77349fd446d5600329d434e2be8558fb__face01,Event_Kyyeu,77349fd446d5600329d434e2be8558fb,1110001111000001100000011011001110010100100001001000010010100001
Event_Kyyeu__4216ceecc999921ae0624c2d87d94a0e__face01,Event_Kyyeu,4216ceecc999921ae0624c2d87d94a0e,1101111100110001011100010011000011110000110011000100010001110000
Event_Kyyeu__acf53e5bf65264b0199c20d06fef3491__face01,Event_Kyyeu,acf53e5bf65264b0199c20d06fef3491,0011011101110011111100011001010111010101110011011101010111101001
Event_Kyyeu__b53c44a7c9336c994c7e174bba65faf3__face01,Event_Kyyeu,b53c44a7c9336c994c7e174bba65faf3,0001110000111000011100000101001001000010010001000100010000100000
Event_Kyyeu__86ac1228237b1dd984375ee1ff31b47d__face01,Event_Kyyeu,86ac1228237b1dd984375ee1ff31b47d,0001110000111000011100000101001001010100010001000100010000100000
Event_Kyyeu__f89616b9b062ff57b52e0ca98eb222e0__face02,Event_Kyyeu,f89616b9b062ff57b52e0ca98eb222e0,0001100000100100001000000011000001101000011011000010110000110000
Event_Kyyeu__b4a5d3554c26a298bc0139b72d45e6ee__face01,Event_Kyyeu,b4a5d3554c26a298bc0139b72d45e6ee,0010001101100001011100000001001011010110110001111100011111000111
Event_Kyyeu__a1307de1c842421ffc5659508dcd0aba__face03,Event_Kyyeu,a1307de1c842421ffc5659508dcd0aba,0100110011000010110100011001010110010100100011001001110010101001
Event_Kyyeu__70ba263a6622b323ae786345361241b1__face02,Event_Kyyeu,70ba263a6622b323ae786345361241b1,0000011100011011010100011001010110010101000011110000111000001110
Event_Kyyeu__ca422767ae5e84c89aff485533d5f1b4__face05,Event_Kyyeu,ca422767ae5e84c89aff485533d5f1b4,0011001101101001011110011111000111111100110111001101110111111001
Event_Kyyeu__f1d0debc1474669f8d789be4afd9ab1f__face10,Event_Kyyeu,f1d0debc1474669f8d789be4afd9ab1f,1110000111110001111100011111000111110100110010001100110001101000
Event_Kyyeu__0c7b42cd6e6ec87ee6bb6d7dee3cadae__face02,Event_Kyyeu,0c7b42cd6e6ec87ee6bb6d7dee3cadae,0011001001100001111000001011000010110000100001001000010011100001
Event_Kyyeu__0c7b42cd6e6ec87ee6bb6d7dee3cadae__face06,Event_Kyyeu,0c7b42cd6e6ec87ee6bb6d7dee3cadae,0111001111100001111100011111010010110000110011001100110011100001
Event_Kyyeu__53d75f0966b2bdad92530e94ff95fe80__face17,Event_Kyyeu,53d75f0966b2bdad92530e94ff95fe80,1110000111110000111100001111000011110100110011001100110011100000
Event_Kyyeu__2b8a0494cf027b9809807ee2ec67348d__face06,Event_Kyyeu,2b8a0494cf027b9809807ee2ec67348d,0011001101110001111000001011000010110000110011001100010011100001
Event_Kyyeu__c12393f771e84f5ac3211265d111f6ec__face05,Event_Kyyeu,c12393f771e84f5ac3211265d111f6ec,0111000111100010111100001111000011110000110011001100110011100000
Event_Kyyeu__105c0f52105ef6d042547212d4d55196__face02,Event_Kyyeu,105c0f52105ef6d042547212d4d55196,0111000111100010111100001111010011110000110011001100110011101000
Event_Kyyeu__f8253a6dd794050295a9e1129851fb01__face17,Event_Kyyeu,f8253a6dd794050295a9e1129851fb01,0111000011110000111101001111001011110100110010001101010001101000
Event_Kyyeu__a0068d994c2c70bffc31653be337011f__face02,Event_Kyyeu,a0068d994c2c70bffc31653be337011f,1111000011110000111101001011001011110100110010001101010001101000
Event_Kyyeu__a0068d994c2c70bffc31653be337011f__face23,Event_Kyyeu,a0068d994c2c70bffc31653be337011f,1001010111110001111100011011010110110100110010001000110011100001
Event_Kyyeu__cd7b7eb5ccf3d8a9c4b9afb84fef27f7__face20,Event_Kyyeu,cd7b7eb5ccf3d8a9c4b9afb84fef27f7,0011001111100001110000011011000110110000100001001000010011100001
Event_Kyyeu__1de6675261019cc9bcd7efce43384277__face02,Event_Kyyeu,1de6675261019cc9bcd7efce43384277,1110000111110001111100011111000111110100110111001100110011101000
Event_Kyyeu__35b4d1278fdb6203e8c6004383fa4c08__face11,Event_Kyyeu,35b4d1278fdb6203e8c6004383fa4c08,0111000101100000111100001011000010110010110011001100110001100000
Event_Kyyeu__35b4d1278fdb6203e8c6004383fa4c08__face23,Event_Kyyeu,35b4d1278fdb6203e8c6004383fa4c08,1110000011110000111100011111000111110100110011001100110011100000
Event_Kyyeu__92c3ac9131ecdc13248f1478e4e3ef6f__face16,Event_Kyyeu,92c3ac9131ecdc13248f1478e4e3ef6f,0011001111110000111100001011010011110000110010001101100011100000
Event_Kyyeu__40a196b452092e3c3ef7911b329d6c65__face15,Event_Kyyeu,40a196b452092e3c3ef7911b329d6c65,1011000011110000011101000111011001110000010010001100110011111000
Event_Kyyeu__f993477d5402dfe99ca8dfc60ce6bc9b__face22,Event_Kyyeu,f993477d5402dfe99ca8dfc60ce6bc9b,0110100011100000111000001011000010110000110011001100100011100001
Event_Kyyeu__d908652eb018a8a436ca165fdf13b8da__face05,Event_Kyyeu,d908652eb018a8a436ca165fdf13b8da,0111000001100000011101000011001011110100110010001101010001101000
Event_Kyyeu__d908652eb018a8a436ca165fdf13b8da__face19,Event_Kyyeu,d908652eb018a8a436ca165fdf13b8da,1110100011100000111000001010000010100100110010001100100011100001
Event_Kyyeu__e057153428bc4664e53b56cf060db3fb__face28,Event_Kyyeu,e057153428bc4664e53b56cf060db3fb,1111000111110000111100101111001011110000110111001101010001101000
Event_Kyyeu__114592e32b146d4a3924afa77c6daffd__face23,Event_Kyyeu,114592e32b146d4a3924afa77c6daffd,0001011101100001111100011011010011010100010011001100100011100001
Event_Kyyeu__6211490dc0f8a3eecbb0d01031405fd3__face12,Event_Kyyeu,6211490dc0f8a3eecbb0d01031405fd3,0111000111110000111100001111011011110010110011001100110001100000
Event_Kyyeu__0959fd7941d98a6ac771eab9e79ced23__face04,Event_Kyyeu,0959fd7941d98a6ac771eab9e79ced23,1111001111110001111100001111000011010000110010001100010001100000
Event_Kyyeu__7ba0da959897e088e31fa91026b009ff__face15,Event_Kyyeu,7ba0da959897e088e31fa91026b009ff,1111000011110000111101001011001011110100110010001101010011101000
Event_Kyyeu__7ba0da959897e088e31fa91026b009ff__face16,Event_Kyyeu,7ba0da959897e088e31fa91026b009ff,0111001111100001101000001011011010110110110011001100110011100001
Event_Kyyeu__bdc1d517affebce1144cf022836afe24__face06,Event_Kyyeu,bdc1d517affebce1144cf022836afe24,0011001101110001111000001001000010110000100001001000010011100001
Event_Kyyeu__7d623eb9fa070c133e8290e8f2c78bf0__face02,Event_Kyyeu,7d623eb9fa070c133e8290e8f2c78bf0,1111100011110000111101001111001011110100110010001101010011101000
Event_Kyyeu__e3808c4ebac0efb472601b11422d9c79__face03,Event_Kyyeu,e3808c4ebac0efb472601b11422d9c79,1111000011110000111100001011011011110000110010001100110001110000
Event_Kyyeu__862f97fd00088265f20db55fd11be59c__face06,Event_Kyyeu,862f97fd00088265f20db55fd11be59c,0111001111100001111100001111000010110000110011001100110011100000
Event_Kyyeu__9eff2c56aa0d6f18c3bb81f8b75414c1__face02,Event_Kyyeu,9eff2c56aa0d6f18c3bb81f8b75414c1,0111000111100010111100001111000011110000110011001100110011101000
Event_Kyyeu__389e13618ef5fa622dbc25975ea72c20__face14,Event_Kyyeu,389e13618ef5fa622dbc25975ea72c20,0111000111100000111000001110000011110000110011001100110011101000
Event_Kyyeu__a4c614644a45c2930e27a6107603c2cc__face35,Event_Kyyeu,a4c614644a45c2930e27a6107603c2cc,0010011101100011011000011111010111011000110010001100100101101001
Event_Kyyeu__79abed3967baa6ce529b20411915c130__face33,Event_Kyyeu,79abed3967baa6ce529b20411915c130,1111000011110010111100101111001011110100110011001101010001101000
Event_Kyyeu__782096ef0a5f193c816a4e008c55464e__face15,Event_Kyyeu,782096ef0a5f193c816a4e008c55464e,1111011011100000111000001111000011110000110111001101110011110000
Event_Kyyeu__7f6447b3f94f3b6cc6e8d04d17508dff__face31,Event_Kyyeu,7f6447b3f94f3b6cc6e8d04d17508dff,1111001011110000111101001111011011110110010111000101110001110000
Event_Kyyeu__c686f70342dafd234349ce58e02bcd96__face07,Event_Kyyeu,c686f70342dafd234349ce58e02bcd96,1110011011100000111000001111000011110000110111001101110011111000
Event_Kyyeu__30c47fc04756c1ae2c048b2288c86b0b__face02,Event_Kyyeu,30c47fc04756c1ae2c048b2288c86b0b,0011001111110000111100001011010011110000110010001101100011100000
Event_Kyyeu__ca57457d4debc8ef8f350a9333147ada__face17,Event_Kyyeu,ca57457d4debc8ef8f350a9333147ada,0011000101100000111100001011001011010000110011001100110001100000
Event_Kyyeu__1f4b822879c0d9af4fcc982ad373d88e__face21,Event_Kyyeu,1f4b822879c0d9af4fcc982ad373d88e,0011110011100000111000001011011010110100110010001110000001100000
Event_Kyyeu__7c2965a48f03cec41f6eac9a45342b1b__face07,Event_Kyyeu,7c2965a48f03cec41f6eac9a45342b1b,1111000011110000111100001101010011010100110011001100110011101000
Event_Kyyeu__7c2965a48f03cec41f6eac9a45342b1b__face32,Event_Kyyeu,7c2965a48f03cec41f6eac9a45342b1b,1011000111110000111100101111011011110100110011001101010001101000
Event_Kyyeu__b539d7feb49505fd0d6f8838f7f300c8__face11,Event_Kyyeu,b539d7feb49505fd0d6f8838f7f300c8,0111000011110000111100001101010011010100111010001100110001110000
Event_Kyyeu__be3952ef6e409b79eb47e718fc3e2a6d__face23,Event_Kyyeu,be3952ef6e409b79eb47e718fc3e2a6d,1111000011110000111100001101010011010100110011001100110011101000
Event_Kyyeu__0df70d199a10e98eb159dd193aacd2f9__face12,Event_Kyyeu,0df70d199a10e98eb159dd193aacd2f9,1111000011100000111101000111001011110100110010001101010001101000
Event_Kyyeu__33a57834063668567850d7fa773f9f03__face01,Event_Kyyeu,33a57834063668567850d7fa773f9f03,1111100011110000111101001111001011110000110010001101010011101000
Event_Kyyeu__33a57834063668567850d7fa773f9f03__face07,Event_Kyyeu,33a57834063668567850d7fa773f9f03,0111000011110000111000001111010011110010110011001100110001100000
Event_Kyyeu__64baf3bcd9d7546833bb0d4baa71a5e4__face01,Event_Kyyeu,64baf3bcd9d7546833bb0d4baa71a5e4,0111000101100010111100001111000011110000110011001100110011101000
Event_Kyyeu__db4ee2f1b932667bf50e53875e598b58__face03,Event_Kyyeu,db4ee2f1b932667bf50e53875e598b58,0111001111100001111100001111000011110000110011001000110011101000
Event_Kyyeu__0799eab313cd269be3f59e1f283471b9__face11,Event_Kyyeu,0799eab313cd269be3f59e1f283471b9,1111000011110000111101001011001011110100110010001101010001101000
Event_Kyyeu__a0c7ef6d0bbfb494b7658423ede02059__face06,Event_Kyyeu,a0c7ef6d0bbfb494b7658423ede02059,1111000011110000111100001101010011010100110011001100110011101000
Event_Kyyeu__a0c7ef6d0bbfb494b7658423ede02059__face11,Event_Kyyeu,a0c7ef6d0bbfb494b7658423ede02059,0111000111100000111100101111000011110000110011001100110011101000
Event_Kyyeu__a0c7ef6d0bbfb494b7658423ede02059__face20,Event_Kyyeu,a0c7ef6d0bbfb494b7658423ede02059,1111000011110000111100001111001011110000110011001100110001101000
Event_Kyyeu__d1975914c7484ff5802e4e6fcddceb7c__face03,Event_Kyyeu,d1975914c7484ff5802e4e6fcddceb7c,0111000101100010111100001111000011110000110011001100110011101000
Event_Kyyeu__ca8440c15194ed6099684e3655a9f8cf__face15,Event_Kyyeu,ca8440c15194ed6099684e3655a9f8cf,0011001101100001111000001011000010110000100011001000010011100001
Event_Kyyeu__601463846d8e97a73a0cb6a34f3e3c87__face20,Event_Kyyeu,601463846d8e97a73a0cb6a34f3e3c87,1111000111110000111100000111010001110000010010000100110001101000
Event_Kyyeu__761b9f7b4648ee307c37b07941c94877__face04,Event_Kyyeu,761b9f7b4648ee307c37b07941c94877,0110001111100001111100001111000011110000110011001000110011101000
Event_Kyyeu__761b9f7b4648ee307c37b07941c94877__face15,Event_Kyyeu,761b9f7b4648ee307c37b07941c94877,1011000111110000111100101111000011110000110011001101010001101000
Event_Kyyeu__1e767fde9c38f0e3ee52092365aebe89__face07,Event_Kyyeu,1e767fde9c38f0e3ee52092365aebe89,1110010011100100111000001110000011110000100111001001110011110001
Event_Kyyeu__1e767fde9c38f0e3ee52092365aebe89__face13,Event_Kyyeu,1e767fde9c38f0e3ee52092365aebe89,1111000011110000111101001011011011110100110010001101110011101000
Event_Kyyeu__b83d03b591af9f263e754a15fc64661c__face01,Event_Kyyeu,b83d03b591af9f263e754a15fc64661c,0011000101111000011111000111011001010110010101100101111000111000
Event_Kyyeu__b83d03b591af9f263e754a15fc64661c__face03,Event_Kyyeu,b83d03b591af9f263e754a15fc64661c,0011000100111001011101000111011011110110010111100001111000111000
Event_Kyyeu__f0d921d78fec25ae45045814841d11d2__face05,Event_Kyyeu,f0d921d78fec25ae45045814841d11d2,0011101111111001011111011011010010010100110111001001110011111000
Event_Kyyeu__ce33be9c2f2ee81fd90e869e291242a8__face06,Event_Kyyeu,ce33be9c2f2ee81fd90e869e291242a8,0111100101111100011111001011011011110110110111001101110010011101
Event_Kyyeu__4d16b2aee64e126670e7522b00ffd3de__face03,Event_Kyyeu,4d16b2aee64e126670e7522b00ffd3de,0011000101111100011111000111011011010110110101100101110001111000
Event_Kyyeu__9f6ccf1487951ee9c34f08124e3e1d1c__face01,Event_Kyyeu,9f6ccf1487951ee9c34f08124e3e1d1c,0011000101111000011111000111011001110110010111100111110000111000
Event_Kyyeu__8c5949d15d7620801cc7bed606f242d9__face01,Event_Kyyeu,8c5949d15d7620801cc7bed606f242d9,1001001110110010011100010111000001110000011011100110111001111100
Event_Kyyeu__45e3935835b0b922f32f29ecc0c866c1__face04,Event_Kyyeu,45e3935835b0b922f32f29ecc0c866c1,0110101101111101111111011011011011010110110011101101110011011100
